ID,exp_no,rep,dens,rearing_vessel,temp,food_level,treatment,feeding_interval,egg_sub,l_emerg,l_emerg_days_frm_sub,l_death,l_surv,pupal_ref,p_emerg,l_to_p_devtime,l_to_p_devrate,p_death,p_surv,a_emerg,p_to_a_devtime,p_to_a_devrate,a_death,adult_lifespan,adult_mort_rate,hatch_to_a_devtime,hatch_to_adult_devrate,sex,im_surv,j_lifetime,total_lifespan,length_mm
4,3,A,0.2,tub,22,0.1,22_0.1,24,29/03/2019 12:00,30/03/2019 12:00,1,NA,0,1,26/04/2019 12:00,28,0.035714286,NA,0,29/04/2019 12:00,3,0.333333333,07/05/2019 12:00,8,0.125,31,0.032258065,female,0,31,39,2.93
6,3,A,0.2,tub,22,0.1,22_0.1,24,29/03/2019 12:00,30/03/2019 12:00,1,NA,0,3,27/04/2019 12:00,29,0.034482759,NA,0,30/04/2019 12:00,3,0.333333333,05/05/2019 12:00,5,0.2,32,0.03125,female,0,32,37,2.59
7,3,A,0.2,tub,22,0.1,22_0.1,24,29/03/2019 12:00,30/03/2019 12:00,1,NA,0,4,28/04/2019 12:00,30,0.033333333,NA,0,01/05/2019 12:00,3,0.333333333,06/05/2019 12:00,5,0.2,33,0.03030303,female,0,33,38,2.41
11,3,A,0.2,tub,22,0.1,22_0.1,24,29/03/2019 12:00,30/03/2019 12:00,1,NA,0,7,02/05/2019 12:00,34,0.029411765,NA,0,05/05/2019 12:00,3,0.333333333,11/05/2019 12:00,6,0.166666667,37,0.027027027,female,0,37,43,2.62
11,3,C,0.2,tub,22,0.1,22_0.1,24,29/03/2019 12:00,30/03/2019 12:00,1,NA,0,2,28/04/2019 12:00,30,0.033333333,NA,0,01/05/2019 12:00,3,0.333333333,05/05/2019 12:00,4,0.25,33,0.03030303,female,0,33,37,2.28
12,3,A,0.2,tub,22,0.1,22_0.1,24,29/03/2019 12:00,30/03/2019 12:00,1,NA,0,8,02/05/2019 12:00,34,0.029411765,NA,0,05/05/2019 12:00,3,0.333333333,11/05/2019 12:00,6,0.166666667,37,0.027027027,female,0,37,43,2.39
19,3,A,0.2,tub,22,0.1,22_0.1,24,29/03/2019 12:00,30/03/2019 12:00,1,NA,0,12,03/05/2019 12:00,35,0.028571429,NA,0,06/05/2019 12:00,3,0.333333333,15/05/2019 12:00,9,0.111111111,38,0.026315789,female,0,38,47,2.99
20,3,A,0.2,tub,22,0.1,22_0.1,24,29/03/2019 12:00,30/03/2019 12:00,1,NA,0,13,04/05/2019 12:00,36,0.027777778,NA,0,08/05/2019 12:00,4,0.25,09/05/2019 12:00,1,1,40,0.025,female,0,40,41,2.5
16,3,C,0.2,tub,22,0.1,22_0.1,24,29/03/2019 12:00,30/03/2019 12:00,1,NA,0,6,30/04/2019 12:00,32,0.03125,NA,0,03/05/2019 12:00,3,0.333333333,10/05/2019 12:00,7,0.142857143,35,0.028571429,female,0,35,42,2.75
21,3,A,0.2,tub,22,0.1,22_0.1,24,29/03/2019 12:00,30/03/2019 12:00,1,NA,0,14,04/05/2019 12:00,36,0.027777778,NA,0,07/05/2019 12:00,3,0.333333333,14/05/2019 12:00,7,0.142857143,39,0.025641026,female,0,39,46,2.82
17,3,B,0.2,tub,22,0.1,22_0.1,24,29/03/2019 12:00,30/03/2019 12:00,1,NA,0,3,27/04/2019 12:00,29,0.034482759,NA,0,30/04/2019 12:00,3,0.333333333,07/05/2019 12:00,7,0.142857143,32,0.03125,female,0,32,39,2.66
18,3,B,0.2,tub,22,0.1,22_0.1,24,29/03/2019 12:00,30/03/2019 12:00,1,NA,0,4,28/04/2019 12:00,30,0.033333333,NA,0,01/05/2019 12:00,3,0.333333333,06/05/2019 12:00,5,0.2,33,0.03030303,female,0,33,38,2.31
18,3,C,0.2,tub,22,0.1,22_0.1,24,29/03/2019 12:00,30/03/2019 12:00,1,NA,0,7,01/05/2019 12:00,33,0.03030303,NA,0,05/05/2019 12:00,4,0.25,14/05/2019 12:00,9,0.111111111,37,0.027027027,female,0,37,46,2.84
27,3,B,0.2,tub,22,0.1,22_0.1,24,29/03/2019 12:00,30/03/2019 12:00,1,NA,0,12,04/05/2019 12:00,36,0.027777778,NA,0,07/05/2019 12:00,3,0.333333333,14/05/2019 12:00,7,0.142857143,39,0.025641026,female,0,39,46,2.79
28,3,B,0.2,tub,22,0.1,22_0.1,24,29/03/2019 12:00,30/03/2019 12:00,1,NA,0,13,04/05/2019 12:00,36,0.027777778,NA,0,07/05/2019 12:00,3,0.333333333,14/05/2019 12:00,7,0.142857143,39,0.025641026,female,0,39,46,2.68
19,3,B,0.2,tub,22,0.1,22_0.1,24,29/03/2019 12:00,30/03/2019 12:00,1,NA,0,5,30/04/2019 12:00,32,0.03125,NA,0,03/05/2019 12:00,3,0.333333333,09/05/2019 12:00,6,0.166666667,35,0.028571429,female,0,35,41,2.33
19,3,C,0.2,tub,22,0.1,22_0.1,24,29/03/2019 12:00,30/03/2019 12:00,1,NA,0,8,02/05/2019 12:00,34,0.029411765,NA,0,05/05/2019 12:00,3,0.333333333,13/05/2019 12:00,8,0.125,37,0.027027027,female,0,37,45,2.84
20,3,C,0.2,tub,22,0.1,22_0.1,24,29/03/2019 12:00,30/03/2019 12:00,1,NA,0,9,03/05/2019 12:00,35,0.028571429,NA,0,06/05/2019 12:00,3,0.333333333,15/05/2019 12:00,9,0.111111111,38,0.026315789,female,0,38,47,2.73
21,3,C,0.2,tub,22,0.1,22_0.1,24,29/03/2019 12:00,30/03/2019 12:00,1,NA,0,10,03/05/2019 12:00,35,0.028571429,NA,0,06/05/2019 12:00,3,0.333333333,17/05/2019 12:00,11,0.090909091,38,0.026315789,female,0,38,49,2.91
22,3,C,0.2,tub,22,0.1,22_0.1,24,29/03/2019 12:00,30/03/2019 12:00,1,NA,0,11,04/05/2019 12:00,36,0.027777778,NA,0,07/05/2019 12:00,3,0.333333333,13/05/2019 12:00,6,0.166666667,39,0.025641026,female,0,39,45,2.79
25,3,B,0.2,tub,22,0.1,22_0.1,24,29/03/2019 12:00,30/03/2019 12:00,1,NA,0,10,03/05/2019 12:00,35,0.028571429,NA,0,06/05/2019 12:00,3,0.333333333,14/05/2019 12:00,8,0.125,38,0.026315789,female,0,38,46,2.89
26,3,B,0.2,tub,22,0.1,22_0.1,24,29/03/2019 12:00,30/03/2019 12:00,1,NA,0,11,03/05/2019 12:00,35,0.028571429,NA,0,06/05/2019 12:00,3,0.333333333,14/05/2019 12:00,8,0.125,38,0.026315789,female,0,38,46,2.66
23,3,C,0.2,tub,22,0.1,22_0.1,24,29/03/2019 12:00,30/03/2019 12:00,1,NA,0,12,05/05/2019 12:00,37,0.027027027,NA,0,09/05/2019 12:00,4,0.25,12/05/2019 12:00,3,0.333333333,41,0.024390244,female,0,41,44,2.3
9,3,A,0.2,tub,26,1,26_1,24,29/03/2019 12:00,30/03/2019 12:00,1,NA,0,5,03/04/2019 12:00,5,0.2,NA,0,06/04/2019 12:00,3,0.333333333,12/04/2019 12:00,6,0.166666667,8,0.125,female,0,8,14,3.06
9,3,A,0.2,tub,22,1,22_1,24,29/03/2019 12:00,30/03/2019 12:00,1,NA,0,6,06/04/2019 12:00,8,0.125,NA,0,09/04/2019 12:00,3,0.333333333,24/04/2019 12:00,15,0.066666667,11,0.090909091,female,0,11,26,3.23
10,3,A,0.2,tub,22,1,22_1,24,29/03/2019 12:00,30/03/2019 12:00,1,NA,0,7,06/04/2019 12:00,8,0.125,NA,0,09/04/2019 12:00,3,0.333333333,20/04/2019 12:00,11,0.090909091,11,0.090909091,female,0,11,22,3.12
10,3,A,0.2,tub,26,1,26_1,24,29/03/2019 12:00,30/03/2019 12:00,1,NA,0,6,04/04/2019 12:00,6,0.166666667,NA,0,06/04/2019 12:00,2,0.5,14/04/2019 12:00,8,0.125,8,0.125,female,0,8,16,3.02
11,3,A,0.2,tub,26,1,26_1,24,29/03/2019 12:00,30/03/2019 12:00,1,NA,0,7,04/04/2019 12:00,6,0.166666667,NA,0,06/04/2019 12:00,2,0.5,10/04/2019 12:00,4,0.25,8,0.125,female,0,8,12,2.85
12,3,A,0.2,tub,26,1,26_1,24,29/03/2019 12:00,30/03/2019 12:00,1,NA,0,8,04/04/2019 12:00,6,0.166666667,NA,0,07/04/2019 12:00,3,0.333333333,13/04/2019 12:00,6,0.166666667,9,0.111111111,female,0,9,15,2.8
19,3,A,0.2,tub,22,1,22_1,24,29/03/2019 12:00,30/03/2019 12:00,1,NA,0,16,07/04/2019 12:00,9,0.111111111,NA,0,10/04/2019 12:00,3,0.333333333,24/04/2019 12:00,14,0.071428571,12,0.083333333,female,0,12,26,3.23
20,3,A,0.2,tub,22,1,22_1,24,29/03/2019 12:00,30/03/2019 12:00,1,NA,0,17,07/04/2019 12:00,9,0.111111111,NA,0,10/04/2019 12:00,3,0.333333333,22/04/2019 12:00,12,0.083333333,12,0.083333333,female,0,12,24,3.17
3,3,B,0.2,tub,22,1,22_1,24,29/03/2019 12:00,30/03/2019 12:00,1,NA,0,1,05/04/2019 12:00,7,0.142857143,NA,0,09/04/2019 12:00,4,0.25,20/04/2019 12:00,11,0.090909091,11,0.090909091,female,0,11,22,3.09
4,3,B,0.2,tub,22,1,22_1,24,29/03/2019 12:00,30/03/2019 12:00,1,NA,0,2,06/04/2019 12:00,8,0.125,NA,0,09/04/2019 12:00,3,0.333333333,21/04/2019 12:00,12,0.083333333,11,0.090909091,female,0,11,23,3.08
6,3,B,0.2,tub,22,1,22_1,24,29/03/2019 12:00,30/03/2019 12:00,1,NA,0,4,06/04/2019 12:00,8,0.125,NA,0,09/04/2019 12:00,3,0.333333333,18/04/2019 12:00,9,0.111111111,11,0.090909091,female,0,11,20,3.14
12,3,B,0.2,tub,22,1,22_1,24,29/03/2019 12:00,30/03/2019 12:00,1,NA,0,10,06/04/2019 12:00,8,0.125,NA,0,09/04/2019 12:00,3,0.333333333,21/04/2019 12:00,12,0.083333333,11,0.090909091,female,0,11,23,3.27
13,3,B,0.2,tub,22,1,22_1,24,29/03/2019 12:00,30/03/2019 12:00,1,NA,0,11,06/04/2019 12:00,8,0.125,NA,0,09/04/2019 12:00,3,0.333333333,20/04/2019 12:00,11,0.090909091,11,0.090909091,female,0,11,22,3.26
16,3,B,0.2,tub,22,1,22_1,24,29/03/2019 12:00,30/03/2019 12:00,1,NA,0,14,07/04/2019 12:00,9,0.111111111,NA,0,10/04/2019 12:00,3,0.333333333,18/04/2019 12:00,8,0.125,12,0.083333333,female,0,12,20,3.03
18,3,B,0.2,tub,22,1,22_1,24,29/03/2019 12:00,30/03/2019 12:00,1,NA,0,16,07/04/2019 12:00,9,0.111111111,NA,0,10/04/2019 12:00,3,0.333333333,23/04/2019 12:00,13,0.076923077,12,0.083333333,female,0,12,25,NA
20,3,B,0.2,tub,22,1,22_1,24,29/03/2019 12:00,30/03/2019 12:00,1,NA,0,18,07/04/2019 12:00,9,0.111111111,NA,0,10/04/2019 12:00,3,0.333333333,21/04/2019 12:00,11,0.090909091,12,0.083333333,female,0,12,23,3.11
22,3,B,0.2,tub,22,1,22_1,24,29/03/2019 12:00,30/03/2019 12:00,1,NA,0,20,07/04/2019 12:00,9,0.111111111,NA,0,10/04/2019 12:00,3,0.333333333,22/04/2019 12:00,12,0.083333333,12,0.083333333,female,0,12,24,3.1
23,3,B,0.2,tub,22,1,22_1,24,29/03/2019 12:00,30/03/2019 12:00,1,NA,0,21,07/04/2019 12:00,9,0.111111111,NA,0,10/04/2019 12:00,3,0.333333333,25/04/2019 12:00,15,0.066666667,12,0.083333333,female,0,12,27,3.19
25,3,B,0.2,tub,22,1,22_1,24,29/03/2019 12:00,30/03/2019 12:00,1,NA,0,23,07/04/2019 12:00,9,0.111111111,NA,0,11/04/2019 12:00,4,0.25,24/04/2019 12:00,13,0.076923077,13,0.076923077,female,0,13,26,NA
26,3,B,0.2,tub,22,1,22_1,24,29/03/2019 12:00,30/03/2019 12:00,1,NA,0,24,07/04/2019 12:00,9,0.111111111,NA,0,10/04/2019 12:00,3,0.333333333,23/04/2019 12:00,13,0.076923077,12,0.083333333,female,0,12,25,3.13
27,3,B,0.2,tub,22,1,22_1,24,29/03/2019 12:00,30/03/2019 12:00,1,NA,0,25,08/04/2019 12:00,10,0.1,NA,0,12/04/2019 12:00,4,0.25,24/04/2019 12:00,12,0.083333333,14,0.071428571,female,0,14,26,3.26
28,3,B,0.2,tub,22,1,22_1,24,29/03/2019 12:00,30/03/2019 12:00,1,NA,0,26,10/04/2019 12:00,12,0.083333333,NA,0,14/04/2019 12:00,4,0.25,29/04/2019 12:00,15,0.066666667,16,0.0625,female,0,16,31,2.97
8,3,C,0.2,tub,22,1,22_1,24,29/03/2019 12:00,30/03/2019 12:00,1,NA,0,5,06/04/2019 12:00,8,0.125,NA,0,09/04/2019 12:00,3,0.333333333,18/04/2019 12:00,9,0.111111111,11,0.090909091,female,0,11,20,3.05
14,3,C,0.2,tub,22,1,22_1,24,29/03/2019 12:00,30/03/2019 12:00,1,NA,0,11,06/04/2019 12:00,8,0.125,NA,0,09/04/2019 12:00,3,0.333333333,19/04/2019 12:00,10,0.1,11,0.090909091,female,0,11,21,3.2
15,3,C,0.2,tub,22,1,22_1,24,29/03/2019 12:00,30/03/2019 12:00,1,NA,0,12,06/04/2019 12:00,8,0.125,NA,0,10/04/2019 12:00,4,0.25,21/04/2019 12:00,11,0.090909091,12,0.083333333,female,0,12,23,3.21
16,3,C,0.2,tub,22,1,22_1,24,29/03/2019 12:00,30/03/2019 12:00,1,NA,0,13,07/04/2019 12:00,9,0.111111111,NA,0,10/04/2019 12:00,3,0.333333333,20/04/2019 12:00,10,0.1,12,0.083333333,female,0,12,22,3.09
17,3,C,0.2,tub,22,1,22_1,24,29/03/2019 12:00,30/03/2019 12:00,1,NA,0,14,07/04/2019 12:00,9,0.111111111,NA,0,10/04/2019 12:00,3,0.333333333,21/04/2019 12:00,11,0.090909091,12,0.083333333,female,0,12,23,3.06
19,3,C,0.2,tub,22,1,22_1,24,29/03/2019 12:00,30/03/2019 12:00,1,NA,0,16,07/04/2019 12:00,9,0.111111111,NA,0,10/04/2019 12:00,3,0.333333333,17/04/2019 12:00,7,0.142857143,12,0.083333333,female,0,12,19,3.13
22,3,C,0.2,tub,22,1,22_1,24,29/03/2019 12:00,30/03/2019 12:00,1,NA,0,19,07/04/2019 12:00,9,0.111111111,NA,0,10/04/2019 12:00,3,0.333333333,21/04/2019 12:00,11,0.090909091,12,0.083333333,female,0,12,23,3.19
23,3,C,0.2,tub,22,1,22_1,24,29/03/2019 12:00,30/03/2019 12:00,1,NA,0,20,07/04/2019 12:00,9,0.111111111,NA,0,10/04/2019 12:00,3,0.333333333,21/04/2019 12:00,11,0.090909091,12,0.083333333,female,0,12,23,3.21
24,3,C,0.2,tub,22,1,22_1,24,29/03/2019 12:00,30/03/2019 12:00,1,NA,0,21,07/04/2019 12:00,9,0.111111111,NA,0,10/04/2019 12:00,3,0.333333333,20/04/2019 12:00,10,0.1,12,0.083333333,female,0,12,22,3.02
25,3,C,0.2,tub,22,1,22_1,24,29/03/2019 12:00,30/03/2019 12:00,1,NA,0,22,07/04/2019 12:00,9,0.111111111,NA,0,10/04/2019 12:00,3,0.333333333,20/04/2019 12:00,10,0.1,12,0.083333333,female,0,12,22,3.08
29,3,C,0.2,tub,22,1,22_1,24,29/03/2019 12:00,30/03/2019 12:00,1,NA,0,25,08/04/2019 12:00,10,0.1,NA,0,11/04/2019 12:00,3,0.333333333,21/04/2019 12:00,10,0.1,13,0.076923077,female,0,13,23,3.27
7,3,A,0.2,tub,26,0.1,26_0.1,24,30/03/2019 12:00,31/03/2019 12:00,1,NA,0,1,17/04/2019 12:00,18,0.055555556,NA,0,20/04/2019 12:00,3,0.333333333,26/04/2019 12:00,6,0.166666667,21,0.047619048,female,0,21,27,2.07
8,3,A,0.2,tub,26,0.1,26_0.1,24,30/03/2019 12:00,31/03/2019 12:00,1,NA,0,2,19/04/2019 12:00,20,0.05,NA,0,22/04/2019 12:00,3,0.333333333,01/05/2019 12:00,9,0.111111111,23,0.043478261,female,0,23,32,2.3
15,3,A,0.2,tub,26,0.1,26_0.1,24,30/03/2019 12:00,31/03/2019 12:00,1,NA,0,4,24/04/2019 12:00,25,0.04,NA,0,27/04/2019 12:00,3,0.333333333,04/05/2019 12:00,7,0.142857143,28,0.035714286,female,0,28,35,2.67
13,3,A,0.2,tub,26,1,26_1,24,29/03/2019 12:00,30/03/2019 12:00,1,NA,0,9,04/04/2019 12:00,6,0.166666667,NA,0,06/04/2019 12:00,2,0.5,12/04/2019 12:00,6,0.166666667,8,0.125,female,0,8,14,NA
16,3,A,0.2,tub,26,0.1,26_0.1,24,30/03/2019 12:00,31/03/2019 12:00,1,NA,0,5,26/04/2019 12:00,27,0.037037037,NA,0,28/04/2019 12:00,2,0.5,02/05/2019 12:00,4,0.25,29,0.034482759,female,0,29,33,2.41
17,3,A,0.2,tub,26,0.1,26_0.1,24,30/03/2019 12:00,31/03/2019 12:00,1,NA,0,6,27/04/2019 12:00,28,0.035714286,NA,0,29/04/2019 12:00,2,0.5,02/05/2019 12:00,3,0.333333333,30,0.033333333,female,0,30,33,2.4
26,3,A,0.2,tub,26,0.1,26_0.1,24,30/03/2019 12:00,31/03/2019 12:00,1,NA,0,8,30/04/2019 12:00,31,0.032258065,NA,0,02/05/2019 12:00,2,0.5,07/05/2019 12:00,5,0.2,33,0.03030303,female,0,33,38,2.48
27,3,A,0.2,tub,26,0.1,26_0.1,24,30/03/2019 12:00,31/03/2019 12:00,1,NA,0,9,01/05/2019 12:00,32,0.03125,NA,0,04/05/2019 12:00,3,0.333333333,11/05/2019 12:00,7,0.142857143,35,0.028571429,female,0,35,42,2.66
23,3,A,0.2,tub,26,0.1,26_0.1,24,30/03/2019 12:00,31/03/2019 12:00,1,NA,0,10,30/04/2019 12:00,31,0.032258065,NA,0,02/05/2019 12:00,2,0.5,06/05/2019 12:00,4,0.25,33,0.03030303,female,0,33,37,2.36
14,3,A,0.2,tub,26,0.1,26_0.1,24,30/03/2019 12:00,31/03/2019 12:00,1,NA,0,11,25/04/2019 12:00,26,0.038461538,NA,0,27/04/2019 12:00,2,0.5,02/05/2019 12:00,5,0.2,28,0.035714286,female,0,28,33,2.29
29,3,A,0.2,tub,26,0.1,26_0.1,24,30/03/2019 12:00,31/03/2019 12:00,1,NA,0,12,30/04/2019 12:00,31,0.032258065,NA,0,02/05/2019 12:00,2,0.5,06/05/2019 12:00,4,0.25,33,0.03030303,female,0,33,37,2.24
12,3,B,0.2,tub,26,0.1,26_0.1,24,30/03/2019 12:00,31/03/2019 12:00,1,NA,0,1,18/04/2019 12:00,19,0.052631579,NA,0,20/04/2019 12:00,2,0.5,28/04/2019 12:00,8,0.125,21,0.047619048,female,0,21,29,2.45
13,3,B,0.2,tub,26,0.1,26_0.1,24,30/03/2019 12:00,31/03/2019 12:00,1,NA,0,2,22/04/2019 12:00,23,0.043478261,NA,0,24/04/2019 12:00,2,0.5,02/05/2019 12:00,8,0.125,25,0.04,female,0,25,33,2.62
17,3,B,0.2,tub,26,0.1,26_0.1,24,30/03/2019 12:00,31/03/2019 12:00,1,NA,0,4,24/04/2019 12:00,25,0.04,NA,0,26/04/2019 12:00,2,0.5,02/05/2019 12:00,6,0.166666667,27,0.037037037,female,0,27,33,2.73
18,3,B,0.2,tub,26,0.1,26_0.1,24,30/03/2019 12:00,31/03/2019 12:00,1,NA,0,6,25/04/2019 12:00,26,0.038461538,NA,0,27/04/2019 12:00,2,0.5,02/05/2019 12:00,5,0.2,28,0.035714286,female,0,28,33,2.6
19,3,B,0.2,tub,26,0.1,26_0.1,24,30/03/2019 12:00,31/03/2019 12:00,1,NA,0,7,26/04/2019 12:00,27,0.037037037,NA,0,29/04/2019 12:00,3,0.333333333,02/05/2019 12:00,3,0.333333333,30,0.033333333,female,0,30,33,2.3
20,3,B,0.2,tub,26,0.1,26_0.1,24,30/03/2019 12:00,31/03/2019 12:00,1,NA,0,9,26/04/2019 12:00,27,0.037037037,NA,0,28/04/2019 12:00,2,0.5,02/05/2019 12:00,4,0.25,29,0.034482759,female,0,29,33,2.41
22,3,B,0.2,tub,26,0.1,26_0.1,24,30/03/2019 12:00,31/03/2019 12:00,1,NA,0,11,26/04/2019 12:00,27,0.037037037,NA,0,28/04/2019 12:00,2,0.5,01/05/2019 12:00,3,0.333333333,29,0.034482759,female,0,29,32,2.35
24,3,B,0.2,tub,26,0.1,26_0.1,24,30/03/2019 12:00,31/03/2019 12:00,1,NA,0,12,27/04/2019 12:00,28,0.035714286,NA,0,29/04/2019 12:00,2,0.5,03/05/2019 12:00,4,0.25,30,0.033333333,female,0,30,34,2.26
5,3,B,0.2,tub,26,0.1,26_0.1,24,30/03/2019 12:00,31/03/2019 12:00,1,NA,0,13,24/04/2019 12:00,25,0.04,NA,0,26/04/2019 12:00,2,0.5,30/04/2019 12:00,4,0.25,27,0.037037037,female,0,27,31,2.36
3,3,C,0.2,tub,26,0.1,26_0.1,24,30/03/2019 12:00,31/03/2019 12:00,1,NA,0,2,19/04/2019 12:00,20,0.05,NA,0,21/04/2019 12:00,2,0.5,26/04/2019 12:00,5,0.2,22,0.045454545,female,0,22,27,2.03
4,3,C,0.2,tub,26,0.1,26_0.1,24,30/03/2019 12:00,31/03/2019 12:00,1,NA,0,3,20/04/2019 12:00,21,0.047619048,NA,0,22/04/2019 12:00,2,0.5,29/04/2019 12:00,7,0.142857143,23,0.043478261,female,0,23,30,2.54
9,3,C,0.2,tub,26,0.1,26_0.1,24,30/03/2019 12:00,31/03/2019 12:00,1,NA,0,4,24/04/2019 12:00,25,0.04,NA,0,26/04/2019 12:00,2,0.5,01/05/2019 12:00,5,0.2,27,0.037037037,female,0,27,32,2.51
12,3,C,0.2,tub,26,0.1,26_0.1,24,30/03/2019 12:00,31/03/2019 12:00,1,NA,0,6,25/04/2019 12:00,26,0.038461538,NA,0,27/04/2019 12:00,2,0.5,05/05/2019 12:00,8,0.125,28,0.035714286,female,0,28,36,2.77
30,3,C,0.2,tub,26,0.1,26_0.1,24,30/03/2019 12:00,31/03/2019 12:00,1,NA,0,8,26/04/2019 12:00,27,0.037037037,NA,0,28/04/2019 12:00,2,0.5,05/05/2019 12:00,7,0.142857143,29,0.034482759,female,0,29,36,2.62
18,3,C,0.2,tub,26,0.1,26_0.1,24,30/03/2019 12:00,31/03/2019 12:00,1,NA,0,9,01/05/2019 12:00,32,0.03125,NA,0,03/05/2019 12:00,2,0.5,12/05/2019 12:00,9,0.111111111,34,0.029411765,female,0,34,43,2.63
15,3,A,0.2,tub,26,1,26_1,24,29/03/2019 12:00,30/03/2019 12:00,1,NA,0,11,04/04/2019 12:00,6,0.166666667,NA,0,06/04/2019 12:00,2,0.5,12/04/2019 12:00,6,0.166666667,8,0.125,female,0,8,14,2.9
16,3,A,0.2,tub,26,1,26_1,24,29/03/2019 12:00,30/03/2019 12:00,1,NA,0,12,04/04/2019 12:00,6,0.166666667,NA,0,06/04/2019 12:00,2,0.5,13/04/2019 12:00,7,0.142857143,8,0.125,female,0,8,15,2.93
19,3,A,0.2,tub,26,1,26_1,24,29/03/2019 12:00,30/03/2019 12:00,1,NA,0,15,04/04/2019 12:00,6,0.166666667,NA,0,07/04/2019 12:00,3,0.333333333,13/04/2019 12:00,6,0.166666667,9,0.111111111,female,0,9,15,2.95
21,3,A,0.2,tub,22,1,22_1,24,29/03/2019 12:00,30/03/2019 12:00,1,NA,0,18,07/04/2019 12:00,9,0.111111111,NA,0,10/04/2019 12:00,3,0.333333333,19/04/2019 12:00,9,0.111111111,12,0.083333333,female,0,12,21,3.09
22,3,A,0.2,tub,22,1,22_1,24,29/03/2019 12:00,30/03/2019 12:00,1,NA,0,19,07/04/2019 12:00,9,0.111111111,NA,0,10/04/2019 12:00,3,0.333333333,22/04/2019 12:00,12,0.083333333,12,0.083333333,female,0,12,24,3.18
9,3,B,0.2,tub,26,1,26_1,24,29/03/2019 12:00,30/03/2019 12:00,1,NA,0,6,04/04/2019 12:00,6,0.166666667,NA,0,06/04/2019 12:00,2,0.5,12/04/2019 12:00,6,0.166666667,8,0.125,female,0,8,14,2.96
12,3,B,0.2,tub,26,1,26_1,24,29/03/2019 12:00,30/03/2019 12:00,1,NA,0,9,04/04/2019 12:00,6,0.166666667,NA,0,06/04/2019 12:00,2,0.5,12/04/2019 12:00,6,0.166666667,8,0.125,female,0,8,14,2.79
14,3,B,0.2,tub,26,1,26_1,24,29/03/2019 12:00,30/03/2019 12:00,1,NA,0,11,04/04/2019 12:00,6,0.166666667,NA,0,06/04/2019 12:00,2,0.5,13/04/2019 12:00,7,0.142857143,8,0.125,female,0,8,15,2.92
21,3,B,0.2,tub,26,1,26_1,24,29/03/2019 12:00,30/03/2019 12:00,1,NA,0,18,04/04/2019 12:00,6,0.166666667,NA,0,06/04/2019 12:00,2,0.5,13/04/2019 12:00,7,0.142857143,8,0.125,female,0,8,15,3.02
23,3,B,0.2,tub,26,1,26_1,24,29/03/2019 12:00,30/03/2019 12:00,1,NA,0,20,04/04/2019 12:00,6,0.166666667,NA,0,06/04/2019 12:00,2,0.5,12/04/2019 12:00,6,0.166666667,8,0.125,female,0,8,14,2.86
26,3,B,0.2,tub,26,1,26_1,24,29/03/2019 12:00,30/03/2019 12:00,1,NA,0,23,04/04/2019 12:00,6,0.166666667,NA,0,07/04/2019 12:00,3,0.333333333,13/04/2019 12:00,6,0.166666667,9,0.111111111,female,0,9,15,3.04
30,3,B,0.2,tub,26,1,26_1,24,29/03/2019 12:00,30/03/2019 12:00,1,NA,0,27,05/04/2019 12:00,7,0.142857143,NA,0,07/04/2019 12:00,2,0.5,14/04/2019 12:00,7,0.142857143,9,0.111111111,female,0,9,16,2.87
8,3,C,0.2,tub,26,1,26_1,24,29/03/2019 12:00,30/03/2019 12:00,1,NA,0,5,04/04/2019 12:00,6,0.166666667,NA,0,06/04/2019 12:00,2,0.5,12/04/2019 12:00,6,0.166666667,8,0.125,female,0,8,14,2.71
9,3,C,0.2,tub,26,1,26_1,24,29/03/2019 12:00,30/03/2019 12:00,1,NA,0,6,04/04/2019 12:00,6,0.166666667,NA,0,06/04/2019 12:00,2,0.5,12/04/2019 12:00,6,0.166666667,8,0.125,female,0,8,14,2.95
10,3,C,0.2,tub,26,1,26_1,24,29/03/2019 12:00,30/03/2019 12:00,1,NA,0,7,04/04/2019 12:00,6,0.166666667,NA,0,06/04/2019 12:00,2,0.5,12/04/2019 12:00,6,0.166666667,8,0.125,female,0,8,14,2.94
11,3,C,0.2,tub,26,1,26_1,24,29/03/2019 12:00,30/03/2019 12:00,1,NA,0,8,04/04/2019 12:00,6,0.166666667,NA,0,06/04/2019 12:00,2,0.5,12/04/2019 12:00,6,0.166666667,8,0.125,female,0,8,14,2.88
14,3,C,0.2,tub,26,1,26_1,24,29/03/2019 12:00,30/03/2019 12:00,1,NA,0,11,04/04/2019 12:00,6,0.166666667,NA,0,06/04/2019 12:00,2,0.5,12/04/2019 12:00,6,0.166666667,8,0.125,female,0,8,14,2.89
21,3,C,0.2,tub,26,1,26_1,24,29/03/2019 12:00,30/03/2019 12:00,1,NA,0,18,05/04/2019 12:00,7,0.142857143,NA,0,07/04/2019 12:00,2,0.5,13/04/2019 12:00,6,0.166666667,9,0.111111111,female,0,9,15,2.94
22,3,C,0.2,tub,26,1,26_1,24,29/03/2019 12:00,30/03/2019 12:00,1,NA,0,19,05/04/2019 12:00,7,0.142857143,NA,0,07/04/2019 12:00,2,0.5,16/04/2019 12:00,9,0.111111111,9,0.111111111,female,0,9,18,2.83
23,3,C,0.2,tub,26,1,26_1,24,29/03/2019 12:00,30/03/2019 12:00,1,NA,0,20,05/04/2019 12:00,7,0.142857143,NA,0,07/04/2019 12:00,2,0.5,14/04/2019 12:00,7,0.142857143,9,0.111111111,female,0,9,16,2.87
24,3,C,0.2,tub,26,1,26_1,24,29/03/2019 12:00,30/03/2019 12:00,1,NA,0,21,05/04/2019 12:00,7,0.142857143,NA,0,06/04/2019 12:00,1,1,13/04/2019 12:00,7,0.142857143,8,0.125,female,0,8,15,NA
25,3,C,0.2,tub,26,1,26_1,24,29/03/2019 12:00,30/03/2019 12:00,1,NA,0,22,05/04/2019 12:00,7,0.142857143,NA,0,08/04/2019 12:00,3,0.333333333,17/04/2019 12:00,9,0.111111111,10,0.1,female,0,10,19,3.06
26,3,C,0.2,tub,26,1,26_1,24,29/03/2019 12:00,30/03/2019 12:00,1,NA,0,23,05/04/2019 12:00,7,0.142857143,NA,0,07/04/2019 12:00,2,0.5,17/04/2019 12:00,10,0.1,9,0.111111111,female,0,9,19,3.09
21,3,A,0.2,tub,32,0.1,32_0.1,24,30/03/2019 12:00,31/03/2019 12:00,1,NA,0,3,19/04/2019 12:00,20,0.05,NA,0,21/04/2019 12:00,2,0.5,23/04/2019 12:00,2,0.5,22,0.045454545,female,0,22,24,2.03
23,3,A,0.2,tub,22,1,22_1,24,29/03/2019 12:00,30/03/2019 12:00,1,NA,0,20,07/04/2019 12:00,9,0.111111111,NA,0,10/04/2019 12:00,3,0.333333333,20/04/2019 12:00,10,0.1,12,0.083333333,female,0,12,22,3.14
26,3,A,0.2,tub,32,0.1,32_0.1,24,30/03/2019 12:00,31/03/2019 12:00,1,NA,0,6,08/04/2019 12:00,9,0.111111111,NA,0,09/04/2019 12:00,1,1,10/04/2019 12:00,1,1,10,0.1,female,0,10,11,2.41
22,3,B,0.2,tub,32,0.1,32_0.1,24,30/03/2019 12:00,31/03/2019 12:00,1,NA,0,2,19/04/2019 12:00,20,0.05,NA,0,20/04/2019 12:00,1,1,22/04/2019 12:00,2,0.5,21,0.047619048,female,0,21,23,2.28
26,3,B,0.2,tub,32,0.1,32_0.1,24,30/03/2019 12:00,31/03/2019 12:00,1,NA,0,4,23/04/2019 12:00,24,0.041666667,NA,0,25/04/2019 12:00,2,0.5,27/04/2019 12:00,2,0.5,26,0.038461538,female,0,26,28,2.45
30,3,B,0.2,tub,32,0.1,32_0.1,24,30/03/2019 12:00,31/03/2019 12:00,1,NA,0,6,25/04/2019 12:00,26,0.038461538,NA,0,26/04/2019 12:00,1,1,27/04/2019 12:00,1,1,27,0.037037037,female,0,27,28,2.38
7,3,C,0.2,tub,32,0.1,32_0.1,24,30/03/2019 12:00,31/03/2019 12:00,1,NA,0,1,08/04/2019 12:00,9,0.111111111,NA,0,10/04/2019 12:00,2,0.5,13/04/2019 12:00,3,0.333333333,11,0.090909091,female,0,11,14,2.25
10,3,C,0.2,tub,32,0.1,32_0.1,24,30/03/2019 12:00,31/03/2019 12:00,1,NA,0,2,12/04/2019 12:00,13,0.076923077,NA,0,14/04/2019 12:00,2,0.5,17/04/2019 12:00,3,0.333333333,15,0.066666667,female,0,15,18,2.07
24,3,C,0.2,tub,32,0.1,32_0.1,24,30/03/2019 12:00,31/03/2019 12:00,1,NA,0,8,24/04/2019 12:00,25,0.04,NA,0,25/04/2019 12:00,1,1,27/04/2019 12:00,2,0.5,26,0.038461538,female,0,26,28,2.35
25,3,C,0.2,tub,32,0.1,32_0.1,24,30/03/2019 12:00,31/03/2019 12:00,1,NA,0,9,24/04/2019 12:00,25,0.04,NA,0,25/04/2019 12:00,1,1,27/04/2019 12:00,2,0.5,26,0.038461538,female,0,26,28,2.27
30,3,A,0.2,tub,32,0.1,32_0.1,24,30/03/2019 12:00,31/03/2019 12:00,1,NA,0,9,23/04/2019 12:00,24,0.041666667,NA,0,25/04/2019 12:00,2,0.5,26/04/2019 12:00,1,1,26,0.038461538,female,0,26,27,2.29
24,3,A,0.2,tub,22,1,22_1,24,29/03/2019 12:00,30/03/2019 12:00,1,NA,0,21,07/04/2019 12:00,9,0.111111111,NA,0,11/04/2019 12:00,4,0.25,24/04/2019 12:00,13,0.076923077,13,0.076923077,female,0,13,26,3.07
10,3,A,0.2,tub,32,1,32_1,24,30/03/2019 12:00,31/03/2019 12:00,1,NA,0,4,02/04/2019 12:00,3,0.333333333,NA,0,04/04/2019 12:00,2,0.5,07/04/2019 12:00,3,0.333333333,5,0.2,female,0,5,8,2.56
14,3,A,0.2,tub,32,1,32_1,24,30/03/2019 12:00,31/03/2019 12:00,1,NA,0,8,03/04/2019 12:00,4,0.25,NA,0,05/04/2019 12:00,2,0.5,07/04/2019 12:00,2,0.5,6,0.166666667,female,0,6,8,2.64
23,3,A,0.2,tub,26,1,26_1,24,29/03/2019 12:00,30/03/2019 12:00,1,NA,0,19,05/04/2019 12:00,7,0.142857143,NA,0,07/04/2019 12:00,2,0.5,15/04/2019 12:00,8,0.125,9,0.111111111,female,0,9,17,3.03
18,3,A,0.2,tub,32,1,32_1,24,30/03/2019 12:00,31/03/2019 12:00,1,NA,0,12,03/04/2019 12:00,4,0.25,NA,0,05/04/2019 12:00,2,0.5,09/04/2019 12:00,4,0.25,6,0.166666667,female,0,6,10,2.65
19,3,A,0.2,tub,32,1,32_1,24,30/03/2019 12:00,31/03/2019 12:00,1,NA,0,13,03/04/2019 12:00,4,0.25,NA,0,05/04/2019 12:00,2,0.5,09/04/2019 12:00,4,0.25,6,0.166666667,female,0,6,10,2.52
25,3,A,0.2,tub,22,1,22_1,24,29/03/2019 12:00,30/03/2019 12:00,1,NA,0,22,08/04/2019 12:00,10,0.1,NA,0,11/04/2019 12:00,3,0.333333333,23/04/2019 12:00,12,0.083333333,13,0.076923077,female,0,13,25,3.12
20,3,A,0.2,tub,32,1,32_1,24,30/03/2019 12:00,31/03/2019 12:00,1,NA,0,14,03/04/2019 12:00,4,0.25,NA,0,04/04/2019 12:00,1,1,07/04/2019 12:00,3,0.333333333,5,0.2,female,0,5,8,2.63
24,3,A,0.2,tub,26,1,26_1,24,29/03/2019 12:00,30/03/2019 12:00,1,NA,0,20,05/04/2019 12:00,7,0.142857143,NA,0,08/04/2019 12:00,3,0.333333333,15/04/2019 12:00,7,0.142857143,10,0.1,female,0,10,17,2.92
26,3,A,0.2,tub,22,1,22_1,24,29/03/2019 12:00,30/03/2019 12:00,1,NA,0,23,08/04/2019 12:00,10,0.1,NA,0,11/04/2019 12:00,3,0.333333333,18/04/2019 12:00,7,0.142857143,13,0.076923077,female,0,13,20,2.98
23,3,A,0.2,tub,32,1,32_1,24,30/03/2019 12:00,31/03/2019 12:00,1,NA,0,17,03/04/2019 12:00,4,0.25,NA,0,05/04/2019 12:00,2,0.5,08/04/2019 12:00,3,0.333333333,6,0.166666667,female,0,6,9,2.56
24,3,A,0.2,tub,32,1,32_1,24,30/03/2019 12:00,31/03/2019 12:00,1,NA,0,18,03/04/2019 12:00,4,0.25,NA,0,05/04/2019 12:00,2,0.5,06/04/2019 12:00,1,1,6,0.166666667,female,0,6,7,2.59
27,3,A,0.2,tub,22,1,22_1,24,29/03/2019 12:00,30/03/2019 12:00,1,NA,0,24,08/04/2019 12:00,10,0.1,NA,0,11/04/2019 12:00,3,0.333333333,25/04/2019 12:00,14,0.071428571,13,0.076923077,female,0,13,27,3.15
27,3,A,0.2,tub,32,1,32_1,24,30/03/2019 12:00,31/03/2019 12:00,1,NA,0,21,03/04/2019 12:00,4,0.25,NA,0,05/04/2019 12:00,2,0.5,07/04/2019 12:00,2,0.5,6,0.166666667,female,0,6,8,2.48
29,3,A,0.2,tub,32,1,32_1,24,30/03/2019 12:00,31/03/2019 12:00,1,NA,0,22,04/04/2019 12:00,5,0.2,NA,0,05/04/2019 12:00,1,1,07/04/2019 12:00,2,0.5,6,0.166666667,female,0,6,8,2.68
27,3,A,0.2,tub,26,1,26_1,24,29/03/2019 12:00,30/03/2019 12:00,1,NA,0,23,05/04/2019 12:00,7,0.142857143,NA,0,07/04/2019 12:00,2,0.5,13/04/2019 12:00,6,0.166666667,9,0.111111111,female,0,9,15,3
10,3,B,0.2,tub,32,1,32_1,24,30/03/2019 12:00,31/03/2019 12:00,1,NA,0,1,03/04/2019 12:00,4,0.25,NA,0,05/04/2019 12:00,2,0.5,09/04/2019 12:00,4,0.25,6,0.166666667,female,0,6,10,2.59
11,3,B,0.2,tub,32,1,32_1,24,30/03/2019 12:00,31/03/2019 12:00,1,NA,0,2,03/04/2019 12:00,4,0.25,NA,0,04/04/2019 12:00,1,1,06/04/2019 12:00,2,0.5,5,0.2,female,0,5,7,2.53
12,3,B,0.2,tub,32,1,32_1,24,30/03/2019 12:00,31/03/2019 12:00,1,NA,0,3,03/04/2019 12:00,4,0.25,NA,0,05/04/2019 12:00,2,0.5,08/04/2019 12:00,3,0.333333333,6,0.166666667,female,0,6,9,2.52
13,3,B,0.2,tub,32,1,32_1,24,30/03/2019 12:00,31/03/2019 12:00,1,NA,0,4,03/04/2019 12:00,4,0.25,NA,0,05/04/2019 12:00,2,0.5,08/04/2019 12:00,3,0.333333333,6,0.166666667,female,0,6,9,NA
15,3,B,0.2,tub,32,1,32_1,24,30/03/2019 12:00,31/03/2019 12:00,1,NA,0,6,03/04/2019 12:00,4,0.25,NA,0,05/04/2019 12:00,2,0.5,09/04/2019 12:00,4,0.25,6,0.166666667,female,0,6,10,2.71
16,3,B,0.2,tub,32,1,32_1,24,30/03/2019 12:00,31/03/2019 12:00,1,NA,0,7,03/04/2019 12:00,4,0.25,NA,0,04/04/2019 12:00,1,1,08/04/2019 12:00,4,0.25,5,0.2,female,0,5,9,2.61
17,3,B,0.2,tub,32,1,32_1,24,30/03/2019 12:00,31/03/2019 12:00,1,NA,0,8,03/04/2019 12:00,4,0.25,NA,0,04/04/2019 12:00,1,1,08/04/2019 12:00,4,0.25,5,0.2,female,0,5,9,2.61
20,3,B,0.2,tub,32,1,32_1,24,30/03/2019 12:00,31/03/2019 12:00,1,NA,0,11,03/04/2019 12:00,4,0.25,NA,0,05/04/2019 12:00,2,0.5,08/04/2019 12:00,3,0.333333333,6,0.166666667,female,0,6,9,2.68
21,3,B,0.2,tub,32,1,32_1,24,30/03/2019 12:00,31/03/2019 12:00,1,NA,0,12,03/04/2019 12:00,4,0.25,NA,0,05/04/2019 12:00,2,0.5,07/04/2019 12:00,2,0.5,6,0.166666667,female,0,6,8,2.68
22,3,B,0.2,tub,32,1,32_1,24,30/03/2019 12:00,31/03/2019 12:00,1,NA,0,13,03/04/2019 12:00,4,0.25,NA,0,05/04/2019 12:00,2,0.5,08/04/2019 12:00,3,0.333333333,6,0.166666667,female,0,6,9,NA
23,3,B,0.2,tub,32,1,32_1,24,30/03/2019 12:00,31/03/2019 12:00,1,NA,0,14,03/04/2019 12:00,4,0.25,NA,0,05/04/2019 12:00,2,0.5,09/04/2019 12:00,4,0.25,6,0.166666667,female,0,6,10,NA
24,3,B,0.2,tub,32,1,32_1,24,30/03/2019 12:00,31/03/2019 12:00,1,NA,0,15,03/04/2019 12:00,4,0.25,NA,0,05/04/2019 12:00,2,0.5,07/04/2019 12:00,2,0.5,6,0.166666667,female,0,6,8,2.54
30,3,B,0.2,tub,32,1,32_1,24,30/03/2019 12:00,31/03/2019 12:00,1,NA,0,21,05/04/2019 12:00,6,0.166666667,NA,0,06/04/2019 12:00,1,1,07/04/2019 12:00,1,1,7,0.142857143,female,0,7,8,2.5
15,3,C,0.2,tub,32,1,32_1,24,30/03/2019 12:00,31/03/2019 12:00,1,NA,0,3,03/04/2019 12:00,4,0.25,NA,0,05/04/2019 12:00,2,0.5,07/04/2019 12:00,2,0.5,6,0.166666667,female,0,6,8,2.62
16,3,C,0.2,tub,32,1,32_1,24,30/03/2019 12:00,31/03/2019 12:00,1,NA,0,4,03/04/2019 12:00,4,0.25,NA,0,04/04/2019 12:00,1,1,07/04/2019 12:00,3,0.333333333,5,0.2,female,0,5,8,2.56
19,3,C,0.2,tub,32,1,32_1,24,30/03/2019 12:00,31/03/2019 12:00,1,NA,0,7,03/04/2019 12:00,4,0.25,NA,0,05/04/2019 12:00,2,0.5,08/04/2019 12:00,3,0.333333333,6,0.166666667,female,0,6,9,2.44
23,3,C,0.2,tub,32,1,32_1,24,30/03/2019 12:00,31/03/2019 12:00,1,NA,0,11,03/04/2019 12:00,4,0.25,NA,0,05/04/2019 12:00,2,0.5,06/04/2019 12:00,1,1,6,0.166666667,female,0,6,7,2.6
28,3,C,0.2,tub,32,1,32_1,24,30/03/2019 12:00,31/03/2019 12:00,1,NA,0,16,03/04/2019 12:00,4,0.25,NA,0,05/04/2019 12:00,2,0.5,07/04/2019 12:00,2,0.5,6,0.166666667,female,0,6,8,2.66
9,3,B,0.2,tub,26,0.1,26_0.1,24,30/03/2019 12:00,31/03/2019 12:00,1,NA,0,15,17/04/2019 12:00,18,0.055555556,NA,0,19/04/2019 12:00,2,0.5,26/04/2019 12:00,7,0.142857143,20,0.05,female,0,20,27,2.48
30,3,B,0.2,tub,26,0.1,26_0.1,24,30/03/2019 12:00,31/03/2019 12:00,1,NA,0,16,24/04/2019 12:00,25,0.04,NA,0,26/04/2019 12:00,2,0.5,30/04/2019 12:00,4,0.25,27,0.037037037,female,0,27,31,2.59
28,3,A,0.2,tub,26,1,26_1,24,29/03/2019 12:00,30/03/2019 12:00,1,NA,0,24,06/04/2019 12:00,8,0.125,NA,0,08/04/2019 12:00,2,0.5,16/04/2019 12:00,8,0.125,10,0.1,female,0,10,18,2.95
30,3,A,0.2,tub,22,1,22_1,24,29/03/2019 12:00,30/03/2019 12:00,1,NA,0,27,10/04/2019 12:00,12,0.083333333,NA,0,14/04/2019 12:00,4,0.25,28/04/2019 12:00,14,0.071428571,16,0.0625,female,0,16,30,2.93
26,3,C,0.2,tub,26,0.1,26_0.1,24,30/03/2019 12:00,31/03/2019 12:00,1,NA,0,11,26/04/2019 12:00,27,0.037037037,NA,0,28/04/2019 12:00,2,0.5,02/05/2019 12:00,4,0.25,29,0.034482759,female,0,29,33,2.39
5,3,C,0.2,tub,26,0.1,26_0.1,24,30/03/2019 12:00,31/03/2019 12:00,1,NA,0,12,27/04/2019 12:00,28,0.035714286,NA,0,29/04/2019 12:00,2,0.5,06/05/2019 12:00,7,0.142857143,30,0.033333333,female,0,30,37,2.56
24,3,C,0.2,tub,22,0.1,22_0.1,24,29/03/2019 12:00,30/03/2019 12:00,1,NA,0,13,06/05/2019 12:00,38,0.026315789,07/05/2019 12:00,1,NA,NA,NA,NA,NA,NA,NA,NA,NA,1,39,39,NA
10,3,B,0.2,tub,22,0.1,22_0.1,24,29/03/2019 12:00,30/03/2019 12:00,1,16/04/2019 12:00,1,NA,NA,NA,NA,NA,NA,NA,NA,NA,NA,NA,NA,NA,NA,NA,1,18,18,NA
27,3,C,0.2,tub,22,0.1,22_0.1,24,29/03/2019 12:00,30/03/2019 12:00,1,09/05/2019 12:00,1,NA,NA,NA,NA,NA,NA,NA,NA,NA,NA,NA,NA,NA,NA,NA,1,41,41,NA
29,3,C,0.2,tub,22,0.1,22_0.1,24,29/03/2019 12:00,30/03/2019 12:00,1,15/05/2019 12:00,1,NA,NA,NA,NA,NA,NA,NA,NA,NA,NA,NA,NA,NA,NA,NA,1,47,47,NA
3,3,A,0.2,tub,22,0.1,22_0.1,24,29/03/2019 12:00,30/03/2019 12:00,1,06/04/2019 12:00,1,NA,NA,NA,NA,NA,NA,NA,NA,NA,NA,NA,NA,NA,NA,NA,1,8,8,NA
14,3,B,0.2,tub,22,0.1,22_0.1,24,29/03/2019 12:00,30/03/2019 12:00,1,28/04/2019 12:00,1,NA,NA,NA,NA,NA,NA,NA,NA,NA,NA,NA,NA,NA,NA,NA,1,30,30,NA
30,3,A,0.2,tub,22,0.1,22_0.1,24,29/03/2019 12:00,30/03/2019 12:00,1,15/05/2019 12:00,1,NA,NA,NA,NA,NA,NA,NA,NA,NA,NA,NA,NA,NA,NA,NA,1,47,47,NA
30,3,C,0.2,tub,22,0.1,22_0.1,24,29/03/2019 12:00,30/03/2019 12:00,1,15/05/2019 12:00,1,NA,NA,NA,NA,NA,NA,NA,NA,NA,NA,NA,NA,NA,NA,NA,1,47,47,NA
29,3,A,0.2,tub,22,0.1,22_0.1,24,29/03/2019 12:00,30/03/2019 12:00,1,15/05/2019 12:00,1,NA,NA,NA,NA,NA,NA,NA,NA,NA,NA,NA,NA,NA,NA,NA,1,47,47,NA
25,3,C,0.2,tub,22,0.1,22_0.1,24,29/03/2019 12:00,30/03/2019 12:00,1,06/05/2019 12:00,1,NA,NA,NA,NA,NA,NA,NA,NA,NA,NA,NA,NA,NA,NA,NA,1,38,38,NA
8,3,B,0.2,tub,22,0.1,22_0.1,24,29/03/2019 12:00,30/03/2019 12:00,1,09/04/2019 12:00,1,NA,NA,NA,NA,NA,NA,NA,NA,NA,NA,NA,NA,NA,NA,NA,1,11,11,NA
30,3,B,0.2,tub,22,0.1,22_0.1,24,29/03/2019 12:00,30/03/2019 12:00,1,15/05/2019 12:00,1,NA,NA,NA,NA,NA,NA,NA,NA,NA,NA,NA,NA,NA,NA,NA,1,47,47,NA
13,3,B,0.2,tub,22,0.1,22_0.1,24,29/03/2019 12:00,30/03/2019 12:00,1,20/04/2019 12:00,1,NA,NA,NA,NA,NA,NA,NA,NA,NA,NA,NA,NA,NA,NA,NA,1,22,22,NA
10,3,A,0.2,tub,22,0.1,22_0.1,24,29/03/2019 12:00,30/03/2019 12:00,1,29/04/2019 12:00,1,NA,NA,NA,NA,NA,NA,NA,NA,NA,NA,NA,NA,NA,NA,NA,1,31,31,NA
6,3,C,0.2,tub,22,0.1,22_0.1,24,29/03/2019 12:00,30/03/2019 12:00,1,09/04/2019 12:00,1,NA,NA,NA,NA,NA,NA,NA,NA,NA,NA,NA,NA,NA,NA,NA,1,11,11,NA
23,3,A,0.2,tub,22,0.1,22_0.1,24,29/03/2019 12:00,30/03/2019 12:00,1,04/05/2019 12:00,1,NA,NA,NA,NA,NA,NA,NA,NA,NA,NA,NA,NA,NA,NA,NA,1,36,36,NA
2,3,A,0.2,tub,22,0.1,22_0.1,24,29/03/2019 12:00,30/03/2019 12:00,1,02/04/2019 12:00,1,NA,NA,NA,NA,NA,NA,NA,NA,NA,NA,NA,NA,NA,NA,NA,1,4,4,NA
1,3,B,0.2,tub,22,0.1,22_0.1,24,29/03/2019 12:00,30/03/2019 12:00,1,31/03/2019 12:00,1,NA,NA,NA,NA,NA,NA,NA,NA,NA,NA,NA,NA,NA,NA,NA,1,2,2,NA
5,3,C,0.2,tub,22,0.1,22_0.1,24,29/03/2019 12:00,30/03/2019 12:00,1,08/04/2019 12:00,1,NA,NA,NA,NA,NA,NA,NA,NA,NA,NA,NA,NA,NA,NA,NA,1,10,10,NA
2,3,C,0.2,tub,22,0.1,22_0.1,24,29/03/2019 12:00,30/03/2019 12:00,1,31/03/2019 12:00,1,NA,NA,NA,NA,NA,NA,NA,NA,NA,NA,NA,NA,NA,NA,NA,1,2,2,NA
12,3,B,0.2,tub,22,0.1,22_0.1,24,29/03/2019 12:00,30/03/2019 12:00,1,20/04/2019 12:00,1,NA,NA,NA,NA,NA,NA,NA,NA,NA,NA,NA,NA,NA,NA,NA,1,22,22,NA
28,3,A,0.2,tub,22,0.1,22_0.1,24,29/03/2019 12:00,30/03/2019 12:00,1,12/05/2019 12:00,1,NA,NA,NA,NA,NA,NA,NA,NA,NA,NA,NA,NA,NA,NA,NA,1,44,44,NA
30,3,C,0.2,tub,22,1,22_1,24,29/03/2019 12:00,30/03/2019 12:00,1,NA,0,26,08/04/2019 12:00,10,0.1,12/04/2019 12:00,1,NA,NA,NA,NA,NA,NA,NA,NA,NA,1,14,14,NA
2,3,C,0.2,tub,22,1,22_1,24,29/03/2019 12:00,30/03/2019 12:00,1,01/04/2019 12:00,1,NA,NA,NA,NA,NA,NA,NA,NA,NA,NA,NA,NA,NA,NA,NA,1,3,3,NA
27,3,C,0.2,tub,22,1,22_1,24,29/03/2019 12:00,30/03/2019 12:00,1,07/04/2019 12:00,1,NA,NA,NA,NA,NA,NA,NA,NA,NA,NA,NA,NA,NA,NA,NA,1,9,9,NA
24,3,B,0.2,tub,22,1,22_1,24,29/03/2019 12:00,30/03/2019 12:00,1,NA,0,22,07/04/2019 12:00,9,0.111111111,08/04/2019 12:00,1,NA,NA,NA,NA,NA,NA,NA,NA,NA,1,10,10,NA
20,3,C,0.2,tub,22,1,22_1,24,29/03/2019 12:00,30/03/2019 12:00,1,NA,0,17,07/04/2019 12:00,9,0.111111111,10/04/2019 12:00,1,NA,NA,NA,NA,NA,NA,NA,NA,NA,1,12,12,NA
2,3,B,0.2,tub,22,1,22_1,24,29/03/2019 12:00,30/03/2019 12:00,1,03/04/2019 12:00,1,NA,NA,NA,NA,NA,NA,NA,NA,NA,NA,NA,NA,NA,NA,NA,1,5,5,NA
3,3,A,0.2,tub,22,1,22_1,24,29/03/2019 12:00,30/03/2019 12:00,1,04/04/2019 12:00,1,NA,NA,NA,NA,NA,NA,NA,NA,NA,NA,NA,NA,NA,NA,NA,1,6,6,NA
3,3,C,0.2,tub,22,1,22_1,24,29/03/2019 12:00,30/03/2019 12:00,1,02/04/2019 12:00,1,NA,NA,NA,NA,NA,NA,NA,NA,NA,NA,NA,NA,NA,NA,NA,1,4,4,NA
27,3,B,0.2,tub,26,0.1,26_0.1,24,30/03/2019 12:00,31/03/2019 12:00,1,NA,0,17,02/05/2019 12:00,33,0.03030303,03/04/2019 12:00,1,NA,NA,NA,NA,NA,NA,NA,NA,NA,1,4,4,NA
15,3,C,0.2,tub,26,0.1,26_0.1,24,30/03/2019 12:00,31/03/2019 12:00,1,29/04/2019 12:00,1,NA,NA,NA,NA,NA,NA,NA,NA,NA,NA,NA,NA,NA,NA,NA,1,30,30,NA
21,3,C,0.2,tub,26,0.1,26_0.1,24,30/03/2019 12:00,31/03/2019 12:00,1,03/05/2019 12:00,1,NA,NA,NA,NA,NA,NA,NA,NA,NA,NA,NA,NA,NA,NA,NA,1,34,34,NA
2,3,A,0.2,tub,26,0.1,26_0.1,24,30/03/2019 12:00,31/03/2019 12:00,1,02/04/2019 12:00,1,NA,NA,NA,NA,NA,NA,NA,NA,NA,NA,NA,NA,NA,NA,NA,1,3,3,NA
11,3,B,0.2,tub,26,0.1,26_0.1,24,30/03/2019 12:00,31/03/2019 12:00,1,18/04/2019 12:00,1,NA,NA,NA,NA,NA,NA,NA,NA,NA,NA,NA,NA,NA,NA,NA,1,19,19,NA
28,3,C,0.2,tub,26,0.1,26_0.1,24,30/03/2019 12:00,31/03/2019 12:00,1,04/05/2019 12:00,1,NA,NA,NA,NA,NA,NA,NA,NA,NA,NA,NA,NA,NA,NA,NA,1,35,35,NA
19,3,A,0.2,tub,26,0.1,26_0.1,24,30/03/2019 12:00,31/03/2019 12:00,1,25/04/2019 12:00,1,NA,NA,NA,NA,NA,NA,NA,NA,NA,NA,NA,NA,NA,NA,NA,1,26,26,NA
24,3,A,0.2,tub,26,0.1,26_0.1,24,30/03/2019 12:00,31/03/2019 12:00,1,28/04/2019 12:00,1,NA,NA,NA,NA,NA,NA,NA,NA,NA,NA,NA,NA,NA,NA,NA,1,29,29,NA
25,3,C,0.2,tub,26,0.1,26_0.1,24,30/03/2019 12:00,31/03/2019 12:00,1,04/05/2019 12:00,1,NA,NA,NA,NA,NA,NA,NA,NA,NA,NA,NA,NA,NA,NA,NA,1,35,35,NA
6,3,A,0.2,tub,26,0.1,26_0.1,24,30/03/2019 12:00,31/03/2019 12:00,1,16/04/2019 12:00,1,NA,NA,NA,NA,NA,NA,NA,NA,NA,NA,NA,NA,NA,NA,NA,1,17,17,NA
1,3,B,0.2,tub,26,0.1,26_0.1,24,30/03/2019 12:00,31/03/2019 12:00,1,31/03/2019 12:00,1,NA,NA,NA,NA,NA,NA,NA,NA,NA,NA,NA,NA,NA,NA,NA,1,1,1,NA
25,3,B,0.2,tub,26,0.1,26_0.1,24,30/03/2019 12:00,31/03/2019 12:00,1,15/05/2019 12:00,1,NA,NA,NA,NA,NA,NA,NA,NA,NA,NA,NA,NA,NA,NA,NA,1,46,46,NA
25,3,A,0.2,tub,26,0.1,26_0.1,24,30/03/2019 12:00,31/03/2019 12:00,1,28/04/2019 12:00,1,NA,NA,NA,NA,NA,NA,NA,NA,NA,NA,NA,NA,NA,NA,NA,1,29,29,NA
23,3,C,0.2,tub,26,0.1,26_0.1,24,30/03/2019 12:00,31/03/2019 12:00,1,03/05/2019 12:00,1,NA,NA,NA,NA,NA,NA,NA,NA,NA,NA,NA,NA,NA,NA,NA,1,34,34,NA
20,3,C,0.2,tub,26,0.1,26_0.1,24,30/03/2019 12:00,31/03/2019 12:00,1,03/05/2019 12:00,1,NA,NA,NA,NA,NA,NA,NA,NA,NA,NA,NA,NA,NA,NA,NA,1,34,34,NA
13,3,A,0.2,tub,26,0.1,26_0.1,24,30/03/2019 12:00,31/03/2019 12:00,1,23/04/2019 12:00,1,NA,NA,NA,NA,NA,NA,NA,NA,NA,NA,NA,NA,NA,NA,NA,1,24,24,NA
3,3,B,0.2,tub,26,1,26_1,24,29/03/2019 12:00,30/03/2019 12:00,1,01/04/2019 12:00,1,NA,NA,NA,NA,NA,NA,NA,NA,NA,NA,NA,NA,NA,NA,NA,1,3,3,NA
25,3,A,0.2,tub,26,1,26_1,24,29/03/2019 12:00,30/03/2019 12:00,1,NA,0,21,05/04/2019 12:00,7,0.142857143,08/04/2019 12:00,1,NA,NA,NA,NA,NA,NA,NA,NA,NA,1,10,10,NA
12,3,C,0.2,tub,26,1,26_1,24,29/03/2019 12:00,30/03/2019 12:00,1,NA,0,9,04/04/2019 12:00,6,0.166666667,05/04/2019 12:00,1,NA,NA,NA,NA,NA,NA,NA,NA,NA,1,7,7,NA
1,3,A,0.2,tub,26,1,26_1,24,29/03/2019 12:00,30/03/2019 12:00,1,31/03/2019 12:00,1,NA,NA,NA,NA,NA,NA,NA,NA,NA,NA,NA,NA,NA,NA,NA,1,2,2,NA
1,3,B,0.2,tub,26,1,26_1,24,29/03/2019 12:00,30/03/2019 12:00,1,31/03/2019 12:00,1,NA,NA,NA,NA,NA,NA,NA,NA,NA,NA,NA,NA,NA,NA,NA,1,2,2,NA
1,3,C,0.2,tub,26,1,26_1,24,29/03/2019 12:00,30/03/2019 12:00,1,31/03/2019 12:00,1,NA,NA,NA,NA,NA,NA,NA,NA,NA,NA,NA,NA,NA,NA,NA,1,2,2,NA
2,3,A,0.2,tub,26,1,26_1,24,29/03/2019 12:00,30/03/2019 12:00,1,31/03/2019 12:00,1,NA,NA,NA,NA,NA,NA,NA,NA,NA,NA,NA,NA,NA,NA,NA,1,2,2,NA
27,3,C,0.2,tub,26,1,26_1,24,29/03/2019 12:00,30/03/2019 12:00,1,06/04/2019 12:00,1,NA,NA,NA,NA,NA,NA,NA,NA,NA,NA,NA,NA,NA,NA,NA,1,8,8,NA
3,3,A,0.2,tub,26,1,26_1,24,29/03/2019 12:00,30/03/2019 12:00,1,01/04/2019 12:00,1,NA,NA,NA,NA,NA,NA,NA,NA,NA,NA,NA,NA,NA,NA,NA,1,3,3,NA
3,3,C,0.2,tub,26,1,26_1,24,29/03/2019 12:00,30/03/2019 12:00,1,31/03/2019 12:00,1,NA,NA,NA,NA,NA,NA,NA,NA,NA,NA,NA,NA,NA,NA,NA,1,2,2,NA
2,3,C,0.2,tub,26,1,26_1,24,29/03/2019 12:00,30/03/2019 12:00,1,31/03/2019 12:00,1,NA,NA,NA,NA,NA,NA,NA,NA,NA,NA,NA,NA,NA,NA,NA,1,2,2,NA
2,3,B,0.2,tub,26,1,26_1,24,29/03/2019 12:00,30/03/2019 12:00,1,31/03/2019 12:00,1,NA,NA,NA,NA,NA,NA,NA,NA,NA,NA,NA,NA,NA,NA,NA,1,2,2,NA
4,3,C,0.2,tub,26,1,26_1,24,29/03/2019 12:00,30/03/2019 12:00,1,NA,0,1,03/04/2019 12:00,5,0.2,05/04/2019 12:00,1,NA,NA,NA,NA,NA,NA,NA,NA,NA,1,7,7,NA
17,3,A,0.2,tub,26,1,26_1,24,29/03/2019 12:00,30/03/2019 12:00,1,NA,0,13,04/04/2019 12:00,6,0.166666667,06/04/2019 12:00,1,NA,NA,NA,NA,NA,NA,NA,NA,NA,1,8,8,NA
18,3,C,0.2,tub,26,1,26_1,24,29/03/2019 12:00,30/03/2019 12:00,1,NA,0,15,04/04/2019 12:00,6,0.166666667,05/04/2019 12:00,1,NA,NA,NA,NA,NA,NA,NA,NA,NA,1,7,7,NA
4,3,B,0.2,tub,32,0.1,32_0.1,24,30/03/2019 12:00,31/03/2019 12:00,1,31/03/2019 12:00,1,NA,NA,NA,NA,NA,NA,NA,NA,NA,NA,NA,NA,NA,NA,NA,1,1,1,NA
20,3,A,0.2,tub,32,0.1,32_0.1,24,30/03/2019 12:00,31/03/2019 12:00,1,18/04/2019 12:00,1,NA,NA,NA,NA,NA,NA,NA,NA,NA,NA,NA,NA,NA,NA,NA,1,19,19,NA
9,3,C,0.2,tub,32,0.1,32_0.1,24,30/03/2019 12:00,31/03/2019 12:00,1,11/04/2019 12:00,1,NA,NA,NA,NA,NA,NA,NA,NA,NA,NA,NA,NA,NA,NA,NA,1,12,12,NA
7,3,B,0.2,tub,32,0.1,32_0.1,24,30/03/2019 12:00,31/03/2019 12:00,1,31/03/2019 12:00,1,NA,NA,NA,NA,NA,NA,NA,NA,NA,NA,NA,NA,NA,NA,NA,1,1,1,NA
6,3,C,0.2,tub,32,0.1,32_0.1,24,30/03/2019 12:00,31/03/2019 12:00,1,07/04/2019 12:00,1,NA,NA,NA,NA,NA,NA,NA,NA,NA,NA,NA,NA,NA,NA,NA,1,8,8,NA
5,3,C,0.2,tub,32,0.1,32_0.1,24,30/03/2019 12:00,31/03/2019 12:00,1,04/04/2019 12:00,1,NA,NA,NA,NA,NA,NA,NA,NA,NA,NA,NA,NA,NA,NA,NA,1,5,5,NA
4,3,C,0.2,tub,32,0.1,32_0.1,24,30/03/2019 12:00,31/03/2019 12:00,1,31/03/2019 12:00,1,NA,NA,NA,NA,NA,NA,NA,NA,NA,NA,NA,NA,NA,NA,NA,1,1,1,NA
5,3,B,0.2,tub,32,0.1,32_0.1,24,30/03/2019 12:00,31/03/2019 12:00,1,31/03/2019 12:00,1,NA,NA,NA,NA,NA,NA,NA,NA,NA,NA,NA,NA,NA,NA,NA,1,1,1,NA
28,3,B,0.2,tub,32,0.1,32_0.1,24,30/03/2019 12:00,31/03/2019 12:00,1,23/04/2019 12:00,1,NA,NA,NA,NA,NA,NA,NA,NA,NA,NA,NA,NA,NA,NA,NA,1,24,24,NA
16,3,B,0.2,tub,32,0.1,32_0.1,24,30/03/2019 12:00,31/03/2019 12:00,1,14/04/2019 12:00,1,NA,NA,NA,NA,NA,NA,NA,NA,NA,NA,NA,NA,NA,NA,NA,1,15,15,NA
20,3,B,0.2,tub,32,0.1,32_0.1,24,30/03/2019 12:00,31/03/2019 12:00,1,18/04/2019 12:00,1,NA,NA,NA,NA,NA,NA,NA,NA,NA,NA,NA,NA,NA,NA,NA,1,19,19,NA
1,3,A,0.2,tub,32,0.1,32_0.1,24,30/03/2019 12:00,31/03/2019 12:00,1,31/03/2019 12:00,1,NA,NA,NA,NA,NA,NA,NA,NA,NA,NA,NA,NA,NA,NA,NA,1,1,1,NA
17,3,C,0.2,tub,32,0.1,32_0.1,24,30/03/2019 12:00,31/03/2019 12:00,1,18/04/2019 12:00,1,NA,NA,NA,NA,NA,NA,NA,NA,NA,NA,NA,NA,NA,NA,NA,1,19,19,NA
14,3,A,0.2,tub,32,0.1,32_0.1,24,30/03/2019 12:00,31/03/2019 12:00,1,14/04/2019 12:00,1,NA,NA,NA,NA,NA,NA,NA,NA,NA,NA,NA,NA,NA,NA,NA,1,15,15,NA
24,3,A,0.2,tub,32,0.1,32_0.1,24,30/03/2019 12:00,31/03/2019 12:00,1,23/04/2019 12:00,1,NA,NA,NA,NA,NA,NA,NA,NA,NA,NA,NA,NA,NA,NA,NA,1,24,24,NA
11,3,B,0.2,tub,32,0.1,32_0.1,24,30/03/2019 12:00,31/03/2019 12:00,1,31/03/2019 12:00,1,NA,NA,NA,NA,NA,NA,NA,NA,NA,NA,NA,NA,NA,NA,NA,1,1,1,NA
29,3,C,0.2,tub,32,0.1,32_0.1,24,30/03/2019 12:00,31/03/2019 12:00,1,27/04/2019 12:00,1,NA,NA,NA,NA,NA,NA,NA,NA,NA,NA,NA,NA,NA,NA,NA,1,28,28,NA
6,3,A,0.2,tub,32,0.1,32_0.1,24,30/03/2019 12:00,31/03/2019 12:00,1,01/04/2019 12:00,1,NA,NA,NA,NA,NA,NA,NA,NA,NA,NA,NA,NA,NA,NA,NA,1,2,2,NA
11,3,C,0.2,tub,32,0.1,32_0.1,24,30/03/2019 12:00,31/03/2019 12:00,1,13/04/2019 12:00,1,NA,NA,NA,NA,NA,NA,NA,NA,NA,NA,NA,NA,NA,NA,NA,1,14,14,NA
8,3,C,0.2,tub,32,0.1,32_0.1,24,30/03/2019 12:00,31/03/2019 12:00,1,08/04/2019 12:00,1,NA,NA,NA,NA,NA,NA,NA,NA,NA,NA,NA,NA,NA,NA,NA,1,9,9,NA
27,3,C,0.2,tub,32,0.1,32_0.1,24,30/03/2019 12:00,31/03/2019 12:00,1,13/04/2019 12:00,1,NA,NA,NA,NA,NA,NA,NA,NA,NA,NA,NA,NA,NA,NA,NA,1,14,14,NA
15,3,C,0.2,tub,32,0.1,32_0.1,24,30/03/2019 12:00,31/03/2019 12:00,1,NA,0,4,17/04/2019 12:00,18,0.055555556,19/04/2019 12:00,1,NA,NA,NA,NA,NA,NA,NA,NA,NA,1,20,20,NA
5,3,A,0.2,tub,32,0.1,32_0.1,24,30/03/2019 12:00,31/03/2019 12:00,1,31/03/2019 12:00,1,NA,NA,NA,NA,NA,NA,NA,NA,NA,NA,NA,NA,NA,NA,NA,1,1,1,NA
2,3,C,0.2,tub,32,0.1,32_0.1,24,30/03/2019 12:00,31/03/2019 12:00,1,31/03/2019 12:00,1,NA,NA,NA,NA,NA,NA,NA,NA,NA,NA,NA,NA,NA,NA,NA,1,1,1,NA
24,3,B,0.2,tub,32,0.1,32_0.1,24,30/03/2019 12:00,31/03/2019 12:00,1,19/04/2019 12:00,1,NA,NA,NA,NA,NA,NA,NA,NA,NA,NA,NA,NA,NA,NA,NA,1,20,20,NA
18,3,B,0.2,tub,32,0.1,32_0.1,24,30/03/2019 12:00,31/03/2019 12:00,1,17/04/2019 12:00,1,NA,NA,NA,NA,NA,NA,NA,NA,NA,NA,NA,NA,NA,NA,NA,1,18,18,NA
17,3,B,0.2,tub,32,0.1,32_0.1,24,30/03/2019 12:00,31/03/2019 12:00,1,14/04/2019 12:00,1,NA,NA,NA,NA,NA,NA,NA,NA,NA,NA,NA,NA,NA,NA,NA,1,15,15,NA
8,3,A,0.2,tub,32,0.1,32_0.1,24,30/03/2019 12:00,31/03/2019 12:00,1,01/04/2019 12:00,1,NA,NA,NA,NA,NA,NA,NA,NA,NA,NA,NA,NA,NA,NA,NA,1,2,2,NA
19,3,C,0.2,tub,32,0.1,32_0.1,24,30/03/2019 12:00,31/03/2019 12:00,1,18/04/2019 12:00,1,NA,NA,NA,NA,NA,NA,NA,NA,NA,NA,NA,NA,NA,NA,NA,1,19,19,NA
30,3,C,0.2,tub,32,0.1,32_0.1,24,30/03/2019 12:00,31/03/2019 12:00,1,09/05/2019 12:00,1,NA,NA,NA,NA,NA,NA,NA,NA,NA,NA,NA,NA,NA,NA,NA,1,40,40,NA
15,3,A,0.2,tub,32,0.1,32_0.1,24,30/03/2019 12:00,31/03/2019 12:00,1,15/04/2019 12:00,1,NA,NA,NA,NA,NA,NA,NA,NA,NA,NA,NA,NA,NA,NA,NA,1,16,16,NA
2,3,B,0.2,tub,32,0.1,32_0.1,24,30/03/2019 12:00,31/03/2019 12:00,1,31/03/2019 12:00,1,NA,NA,NA,NA,NA,NA,NA,NA,NA,NA,NA,NA,NA,NA,NA,1,1,1,NA
13,3,A,0.2,tub,32,0.1,32_0.1,24,30/03/2019 12:00,31/03/2019 12:00,1,13/04/2019 12:00,1,NA,NA,NA,NA,NA,NA,NA,NA,NA,NA,NA,NA,NA,NA,NA,1,14,14,NA
7,3,A,0.2,tub,32,0.1,32_0.1,24,30/03/2019 12:00,31/03/2019 12:00,1,01/04/2019 12:00,1,NA,NA,NA,NA,NA,NA,NA,NA,NA,NA,NA,NA,NA,NA,NA,1,2,2,NA
12,3,C,0.2,tub,32,0.1,32_0.1,24,30/03/2019 12:00,31/03/2019 12:00,1,14/04/2019 12:00,1,NA,NA,NA,NA,NA,NA,NA,NA,NA,NA,NA,NA,NA,NA,NA,1,15,15,NA
3,3,A,0.2,tub,32,1,32_1,24,29/03/2019 12:00,30/03/2019 12:00,1,31/03/2019 12:00,1,NA,NA,NA,NA,NA,NA,NA,NA,NA,NA,NA,NA,NA,NA,NA,1,2,2,NA
6,3,B,0.2,tub,32,1,32_1,24,29/03/2019 12:00,30/03/2019 12:00,1,31/03/2019 12:00,1,NA,NA,NA,NA,NA,NA,NA,NA,NA,NA,NA,NA,NA,NA,NA,1,2,2,NA
11,3,C,0.2,tub,32,1,32_1,24,29/03/2019 12:00,30/03/2019 12:00,1,31/03/2019 12:00,1,NA,NA,NA,NA,NA,NA,NA,NA,NA,NA,NA,NA,NA,NA,NA,1,2,2,NA
8,3,B,0.2,tub,32,1,32_1,24,29/03/2019 12:00,30/03/2019 12:00,1,01/04/2019 12:00,1,NA,NA,NA,NA,NA,NA,NA,NA,NA,NA,NA,NA,NA,NA,NA,1,3,3,NA
28,3,A,0.2,tub,32,1,32_1,24,29/03/2019 12:00,30/03/2019 12:00,1,03/04/2019 12:00,1,NA,NA,NA,NA,NA,NA,NA,NA,NA,NA,NA,NA,NA,NA,NA,1,5,5,NA
4,3,B,0.2,tub,32,1,32_1,24,29/03/2019 12:00,30/03/2019 12:00,1,31/03/2019 12:00,1,NA,NA,NA,NA,NA,NA,NA,NA,NA,NA,NA,NA,NA,NA,NA,1,2,2,NA
5,3,C,0.2,tub,32,1,32_1,24,29/03/2019 12:00,30/03/2019 12:00,1,31/03/2019 12:00,1,NA,NA,NA,NA,NA,NA,NA,NA,NA,NA,NA,NA,NA,NA,NA,1,2,2,NA
3,3,B,0.2,tub,32,1,32_1,24,29/03/2019 12:00,30/03/2019 12:00,1,31/03/2019 12:00,1,NA,NA,NA,NA,NA,NA,NA,NA,NA,NA,NA,NA,NA,NA,NA,1,2,2,NA
2,3,C,0.2,tub,32,1,32_1,24,29/03/2019 12:00,30/03/2019 12:00,1,31/03/2019 12:00,1,NA,NA,NA,NA,NA,NA,NA,NA,NA,NA,NA,NA,NA,NA,NA,1,2,2,NA
4,3,C,0.2,tub,32,1,32_1,24,29/03/2019 12:00,30/03/2019 12:00,1,31/03/2019 12:00,1,NA,NA,NA,NA,NA,NA,NA,NA,NA,NA,NA,NA,NA,NA,NA,1,2,2,NA
7,3,C,0.2,tub,32,1,32_1,24,29/03/2019 12:00,30/03/2019 12:00,1,31/03/2019 12:00,1,NA,NA,NA,NA,NA,NA,NA,NA,NA,NA,NA,NA,NA,NA,NA,1,2,2,NA
8,3,C,0.2,tub,32,1,32_1,24,29/03/2019 12:00,30/03/2019 12:00,1,31/03/2019 12:00,1,NA,NA,NA,NA,NA,NA,NA,NA,NA,NA,NA,NA,NA,NA,NA,1,2,2,NA
12,3,C,0.2,tub,32,1,32_1,24,29/03/2019 12:00,30/03/2019 12:00,1,31/03/2019 12:00,1,NA,NA,NA,NA,NA,NA,NA,NA,NA,NA,NA,NA,NA,NA,NA,1,2,2,NA
9,3,C,0.2,tub,32,1,32_1,24,29/03/2019 12:00,30/03/2019 12:00,1,31/03/2019 12:00,1,NA,NA,NA,NA,NA,NA,NA,NA,NA,NA,NA,NA,NA,NA,NA,1,2,2,NA
6,3,A,0.2,tub,32,1,32_1,24,29/03/2019 12:00,30/03/2019 12:00,1,31/03/2019 12:00,1,NA,NA,NA,NA,NA,NA,NA,NA,NA,NA,NA,NA,NA,NA,NA,1,2,2,NA
1,3,A,0.2,tub,32,1,32_1,24,29/03/2019 12:00,30/03/2019 12:00,1,31/03/2019 12:00,1,NA,NA,NA,NA,NA,NA,NA,NA,NA,NA,NA,NA,NA,NA,NA,1,2,2,NA
10,3,C,0.2,tub,32,1,32_1,24,29/03/2019 12:00,30/03/2019 12:00,1,31/03/2019 12:00,1,NA,NA,NA,NA,NA,NA,NA,NA,NA,NA,NA,NA,NA,NA,NA,1,2,2,NA
2,3,B,0.2,tub,32,1,32_1,24,29/03/2019 12:00,30/03/2019 12:00,1,31/03/2019 12:00,1,NA,NA,NA,NA,NA,NA,NA,NA,NA,NA,NA,NA,NA,NA,NA,1,2,2,NA